<?xml version="1.0" encoding="UTF-8" ?>
<!DOCTYPE mapper PUBLIC "-//mybatis.org//DTD Mapper 3.0//EN" "http://mybatis.org/dtd/mybatis-3-mapper.dtd" >
<mapper namespace="com.nms.dao.config.BoatMapper" >
  <resultMap id="BaseResultMap" type="com.nms.model.config.Boat" >
    <id column="ID" property="id" jdbcType="VARCHAR" />
    <result column="ROWNUM" property="rownum" jdbcType="INTEGER" />
    <result column="IMSI_ID" property="imsiId" jdbcType="VARCHAR" />
    <result column="MMSI_ID" property="mmsiId" jdbcType="VARCHAR" />
    <result column="CREATE_TIME" property="createTime" jdbcType="VARCHAR" />
    <result column="UPDATE_TIME" property="updateTime" jdbcType="VARCHAR" />
    <result column="STATUS" property="status" jdbcType="VARCHAR" />
    <result column="COMMENT" property="comment" jdbcType="VARCHAR" />
    <result column="LONGITUDE" property="longitude" jdbcType="VARCHAR" />
    <result column="LATITUDE" property="latitude" jdbcType="VARCHAR" />
    <result column="SOG"  property="sog" jdbcType="VARCHAR"/>
    <result column="COG" property="cog" jdbcType="VARCHAR" />
  </resultMap>
  <sql id="Base_Column_List" >
    ID, IMSI_ID, MMSI_ID, CREATE_TIME, UPDATE_TIME,STATUS, COMMENT, LONGITUDE, LATITUDE, SOG, COG
  </sql>
  <select id="selectByPrimaryKey" resultMap="BaseResultMap" parameterType="java.lang.String" >
    select 
    <include refid="Base_Column_List" />
    from boat
    where ID = #{id,jdbcType=INTEGER}
  </select>
  
  <select id="selectByIMSI" resultMap="BaseResultMap" parameterType="java.lang.String" >
    select 
    <include refid="Base_Column_List" />
    from boat
    where IMSI_ID = #{imsiId,jdbcType=VARCHAR}
  </select>
   <select id="selectByMMSI" resultMap="BaseResultMap" parameterType="java.lang.String" >
    select 
    <include refid="Base_Column_List" />
    from boat
    where MMSI_ID = #{mmsiId,jdbcType=VARCHAR}
  </select>
  <select id="getAllBoat" resultMap="BaseResultMap" >
    select 
    <include refid="Base_Column_List" />
    from boat where status!=3
  </select>
  <select id="selectBoatAll" resultMap="BaseResultMap" parameterType="java.util.Map"  >
    SELECT (@rowno:=@rowno+1) AS rownum,a.* FROM(
            SELECT <include refid="Base_Column_List" />               
             from boat n where n.status !=3 
        <if test="imsiId != null and imsiId != ''">
            and IMSI_ID   like "%"#{imsiId}"%" 
        </if>
        <if test="status !=null">
            and STATUS = #{status}
        </if>
        limit ${page},${limit})a,
        (SELECT (@rowno:=0))b
  </select>
  <delete id="deleteByPrimaryKey" parameterType="java.lang.String" >
    delete from boat
    where ID = #{id,jdbcType=INTEGER}
  </delete>
  <insert id="insert" parameterType="com.nms.model.config.Boat" >
    insert into boat (ID, IMSI_ID, MMSI_ID, CREATE_TIME,UPDATE_TIME, STATUS, COMMENT,LONGITUDE, LATITUDE, SOG, COG
      )
    values (#{id,jdbcType=VARCHAR}, #{imsiId,jdbcType=VARCHAR}, #{mmsiId,jdbcType=VARCHAR}, 
      #{createTime,jdbcType=VARCHAR},#{updateTime,jdbcType=VARCHAR}, #{status,jdbcType=VARCHAR}, #{comment,jdbcType=VARCHAR}, #{longitude,jdbcType=VARCHAR}, #{latitude,jdbcType=VARCHAR}
      ,#{sog,jdbcType=VARCHAR}, #{cog,jdbcType=VARCHAR})
  </insert>
  <insert id="insertSelective" parameterType="com.nms.model.config.Boat" >
    insert into boat
    <trim prefix="(" suffix=")" suffixOverrides="," >
      <if test="id != null" >
        ID,
      </if>
      <if test="imsiId != null" >
        IMSI_ID,
      </if>
      <if test="mmsiId != null" >
        MMSI_ID,
      </if>
      <if test="createTime != null" >
        CREATE_TIME,
      </if>
      <if test="updateTime != null" >
        UPDATE_TIME,
      </if>
      <if test="status != null" >
        STATUS,
      </if>
      <if test="comment != null" >
        COMMENT,
      </if>
      <if test="longitude != null" >
        LONGITUDE,
      </if>
      <if test="latitude != null" >
        LATITUDE,
      </if>
        <if test="sog != null">
        SOG,
      </if>
      <if test="cog != null">
        COG,
      </if>
    </trim>
    <trim prefix="values (" suffix=")" suffixOverrides="," >
      <if test="id != null" >
        #{id,jdbcType=VARCHAR},
      </if>
      <if test="imsiId != null" >
        #{imsiId,jdbcType=VARCHAR},
      </if>
      <if test="mmsiId != null" >
        #{mmsiId,jdbcType=VARCHAR},
      </if>
      <if test="createTime != null" >
        #{createTime,jdbcType=VARCHAR},
      </if>
      <if test="updateTime != null" >
        #{updateTime,jdbcType=VARCHAR},
      </if>
      <if test="status != null" >
        #{status,jdbcType=VARCHAR},
      </if>
      <if test="comment != null" >
        #{comment,jdbcType=VARCHAR},
      </if>
      <if test="longitude != null" >
        #{longitude,jdbcType=VARCHAR},
      </if>
      <if test="latitude != null" >
        #{latitude,jdbcType=VARCHAR},
      </if>
       <if test="sog != null">
        #{sog,jdbcType=VARCHAR},
      </if>
      <if test="cog != null">
        #{cog,jdbcType=VARCHAR},
      </if>
    </trim>
  </insert>
  <update id="updateByPrimaryKeySelective" parameterType="com.nms.model.config.Boat" >
    update boat
    <set >
      <if test="imsiId != null" >
        IMSI_ID = #{imsiId,jdbcType=VARCHAR},
      </if>
      <if test="mmsiId != null" >
        MMSI_ID = #{mmsiId,jdbcType=VARCHAR},
      </if>
      <if test="createTime != null" >
        CREATE_TIME = #{createTime,jdbcType=VARCHAR},
      </if>
      <if test="updateTime != null" >
        UPDATE_TIME = #{updateTime,jdbcType=VARCHAR},
      </if>
      <if test="status != null" >
        STATUS = #{status,jdbcType=VARCHAR},
      </if>
      <if test="comment != null" >
        COMMENT = #{comment,jdbcType=VARCHAR},
      </if>
       <if test="longitude != null" >
        LONGITUDE = #{longitude,jdbcType=VARCHAR},
      </if>
      <if test="latitude != null" >
        LATITUDE = #{latitude,jdbcType=VARCHAR},
      </if>
        <if test="sog != null">
        SOG = #{sog,jdbcType=VARCHAR},
      </if>
      <if test="cog != null">
        COG = #{cog,jdbcType=VARCHAR},
      </if>
    </set>
    where ID = #{id,jdbcType=VARCHAR}
  </update>
  <update id="updateByPrimaryKey" parameterType="com.nms.model.config.Boat" >
    update boat
    set IMSI_ID = #{imsiId,jdbcType=VARCHAR},
      MMSI_ID = #{mmsiId,jdbcType=VARCHAR},
      CREATE_TIME = #{createTime,jdbcType=VARCHAR},
      UPDATE_TIME = #{updateTime,jdbcType=VARCHAR},
      STATUS = #{status,jdbcType=VARCHAR},
      COMMENT = #{comment,jdbcType=VARCHAR},
      LONGITUDE = #{longitude,jdbcType=VARCHAR},
      LATITUDE = #{latitude,jdbcType=VARCHAR},
      SOG = #{sog,jdbcType=VARCHAR},
      COG = #{cog,jdbcType=VARCHAR}
    where ID = #{id,jdbcType=VARCHAR}
  </update>
</mapper>