﻿<?xml version="1.0" encoding="UTF-8"?>

<beans xmlns="http://www.springframework.org/schema/beans"
       xmlns:xsi="http://www.w3.org/2001/XMLSchema-instance"
       xmlns:context="http://www.springframework.org/schema/context" 
       xmlns:aop="http://www.springframework.org/schema/aop" 
       xmlns:tx="http://www.springframework.org/schema/tx"
       xmlns:task="http://www.springframework.org/schema/task"
       xsi:schemaLocation="http://www.springframework.org/schema/beans 
       http://www.springframework.org/schema/beans/spring-beans-3.0.xsd 
       http://www.springframework.org/schema/context 
       http://www.springframework.org/schema/context/spring-context-3.0.xsd
       http://www.springframework.org/schema/aop
        http://www.springframework.org/schema/aop/spring-aop-3.0.xsd
        http://www.springframework.org/schema/tx
        http://www.springframework.org/schema/tx/spring-tx-3.0.xsd
        http://www.springframework.org/schema/task http://www.springframework.org/schema/task/spring-task-3.0.xsd">
	<!-- 启用autowire -->
	

    <!-- 扫描基于注解的配置 --> 
    <context:component-scan base-package="com.nms.*" />
        
        
     <task:annotation-driven scheduler="myScheduler"/>  
   <task:scheduler id="myScheduler" pool-size="5"/>        
        
        
    <!-- 引入配置文件 -->  
	<bean id="propertyConfigurer"  
	      class="org.springframework.beans.factory.config.PropertyPlaceholderConfigurer">  
	    <property name="location" value="classpath:config/jdbc.properties" />  
	</bean>  
   
	<bean id="dataSource" class="org.apache.commons.dbcp.BasicDataSource"  
	      destroy-method="close">  
		<property name="driverClassName" value="${driver}" />  
		<property name="url" value="${url}" />  
		<property name="username" value="${username}" />  
		<property name="password" value="${password}" />  
		<!-- 初始化连接大小 -->  
		<property name="initialSize" value="${initialSize}"></property>  
		<!-- 连接池最大数量 -->  
		<property name="maxActive" value="${maxActive}"></property>  
		<!-- 连接池最大空闲 -->  
		<property name="maxIdle" value="${maxIdle}"></property>  
		<!-- 连接池最小空闲 -->  
		<property name="minIdle" value="${minIdle}"></property>  
		<!-- 获取连接最大等待时间 -->  
		<property name="maxWait" value="${maxWait}"></property>
		<property name="validationQuery" value="${validationQuery}"></property>
		<property name="testWhileIdle" value="${testWhileIdle}"></property>
		<property name="testOnBorrow" value="${testOnBorrow}"></property>
		<property name="timeBetweenEvictionRunsMillis" value="${timeBetweenEvictionRunsMillis}"></property>
		<property name="minEvictableIdleTimeMillis" value="${minEvictableIdleTimeMillis}"></property>
		<property name="numTestsPerEvictionRun" value="${numTestsPerEvictionRun}"></property>  
	</bean> 
        
    
     <!-- 引入httpclient -->
   <!--  <import resource="spring-httpclient.xml"/> -->
               
	<!-- spring和MyBatis完美整合，不需要mybatis的配置映射文件 -->  
	<bean id="sqlSessionFactory" class="org.mybatis.spring.SqlSessionFactoryBean">  
	    <property name="dataSource" ref="dataSource" />  
	    <!-- 自动扫描mapping.xml文件 -->  
	    <property name="mapperLocations" value="classpath:mapper/*/*Mapper.xml"></property>  
	</bean>  
	
	<bean class="org.mybatis.spring.mapper.MapperScannerConfigurer">  
	    <property name="basePackage" value="com.nms.dao.*" />  
	    <property name="sqlSessionFactoryBeanName" value="sqlSessionFactory"></property>  
	</bean>          
        
	<!--事务管理-->  
	<bean id="transactionManager"  
	    class="org.springframework.jdbc.datasource.DataSourceTransactionManager">  
	    <property name="dataSource" ref="dataSource" />  
	</bean>  
        
    <tx:annotation-driven transaction-manager="transactionManager" />    
        
        
	<tx:advice id="nmsTxAdvice" transaction-manager="transactionManager">
		<tx:attributes>
		    <tx:method name="get*" propagation="SUPPORTS" read-only="true" />
		    <tx:method name="find*" propagation="SUPPORTS" read-only="true" />
		
		    <tx:method name="add*" propagation="REQUIRED" rollback-for="Exception" />
		    <tx:method name="update*" propagation="REQUIRED" rollback-for="Exception" />
		    <tx:method name="delete*" propagation="REQUIRED" rollback-for="Exception" />
		</tx:attributes>
	</tx:advice>

	<!-- <aop:config>
	    <aop:pointcut id="nmsTxService"
	        expression="execution(* com.*.service..*Service*.*(..))" />
	    <aop:advisor advice-ref="nmsTxAdvice" pointcut-ref="nmsTxService" />
	</aop:config> -->
        
</beans>
