<?xml version="1.0" encoding="UTF-8" ?>
<!DOCTYPE configuration PUBLIC "-//mybatis.org//DTD Config 3.0//EN" "http://mybatis.org/dtd/mybatis-3-config.dtd">
<configuration>
<!-- 打印sql -->
 <!-- 	<settings> 
 		<setting name="logImpl" value="STDOUT_LOGGING" />  
 	</settings>  -->
	<!-- 配置mysql连接 -->
	<environments default="development">
		<environment id="development">
			<transactionManager type="JDBC" />
			<dataSource type="POOLED">
				<property name="driver" value="${driver}" />
				<property name="url" value="${url}" />
				<property name="username" value="${username}" />
				<property name="password" value="${password}" />
				 <property name="poolPingEnabled" value="true"/>
               <property name="poolPingQuery" value="select 1"/>             
            </dataSource>
		</environment>
	</environments>
	<mappers>
		<mapper resource="mapper/config/BoatMapper.xml" />
		<mapper resource="mapper/config/BoatHistoryMapper.xml" />
	</mappers>
</configuration>